ax,ay,az,gx,gy,gz,label
0.40865960580727756,-0.25620933786698663,9.480121199002461,7.4314280369358645,-13.539807648195202,2.826908168515345,walking
0.017057598740832194,0.047963541304260345,9.778089947119115,0.48627722481336494,-0.32631198965119546,-0.03129656394976121,standing
0.36433956123920275,-0.2814946101597634,9.62693726729094,13.522598409854199,-7.910551709874857,1.987678792960728,walking
-0.011707668736166799,-0.06888346839785456,9.754993452852077,0.20671745161185043,-0.2172481137161578,0.34911165680679496,standing
-0.034001236078924545,0.042882981160100975,9.916778206165981,-0.48793662648866637,-0.625769712095222,-0.3194808738447511,standing
0.011372996730206471,-0.04111101977832157,9.883569211206515,-0.9204371156658226,-0.6401521993354472,-0.14878175167999597,standing
0.42474915369572086,-0.9019563945688375,9.219689308470523,69.04322722330514,-62.15142067431613,41.679386951501435,running
0.18366381721027125,-0.3637956882592586,9.588053791313142,12.256375461295193,-14.620441989672962,15.905762338061942,walking
0.06535713771412141,0.012184360574595616,9.68702931453424,-0.6397884833678508,0.43622866414007233,0.6878534066558097,standing
0.549107568834597,-1.2268899112027165,9.354193890940659,100.71914685954927,-87.59202606094696,56.954024745502984,running
0.04877725635611796,0.03873170267146684,9.680212210741116,-0.07218020596197124,0.3164659088777554,-0.18530716604305297,standing
-0.01610307581028378,-0.016069292082649674,9.761544445577018,0.49134549197275695,0.35417822364967666,-0.6138039075684962,standing
0.4504533375308666,-0.4442148229074694,9.508333477945078,79.3583849635868,-80.52762301014212,37.44864628026605,running
-0.02508785217922683,-0.0976043899761251,9.657774629040233,0.35649921508619403,0.9233536628680168,0.21502082359553482,standing
0.6391058087813029,-1.2888349992749684,9.323343093569164,103.40546534083666,-83.82785405545529,40.81873016583425,running
0.2141188917749494,-0.29266944949454277,9.806231462872228,14.696695930926897,-12.722593353577588,7.236384833090805,walking
0.28234359032974904,-0.22790530232805095,9.50346752515238,19.765683169566223,-9.618211153218905,0.11958472915265794,walking
-0.08037416172806139,0.012248328555436139,9.852980417791528,-0.3124092888478394,0.3251005889793305,-0.07502779351626336,standing
0.010443179750237772,-0.10125712933288036,9.96286155455713,0.4115852919809573,0.7752502464070384,-0.6128828315011706,standing
-0.053115185686305244,0.003790227909686317,9.793392020135268,0.20412637785723592,-0.724006950208122,0.8068556345293235,standing
0.8102444996422913,-1.2176722761169803,9.25132567597083,97.36811498117994,-108.23440787580213,40.34335196476792,running
0.37445484203266055,-0.8252074213074814,8.920706575832082,79.05596295288886,-68.48767902366092,44.98215807188468,running
0.30422584162036975,-1.1309988198592371,9.26932276660107,72.04817030360533,-97.24325866812947,43.04305122802936,running
0.29841826008302536,-0.8713967401676076,9.373048182081593,93.51036681529722,-83.80603206435946,61.53590343316925,running
-0.03571757090131839,-0.050126468231890445,9.758812303387755,1.3161910324186954,0.5586479157940638,0.5049085446713171,standing
1.114436223607146,-0.9654137686177122,8.920839362644802,92.35459441452652,-41.973954164998474,43.858774349916835,running
0.25928392797952765,-0.16530522850293503,9.811833083312314,5.590754772511804,-14.046412190565519,10.337651921889936,walking
0.04135916245180119,-0.03836737814440248,9.578886469099212,-0.7851123599452282,-0.9447703654727655,-0.14033753843338703,standing
0.8448063661627637,-0.8988912984456459,9.36306009910667,101.09479727587006,-77.87248380256928,38.261200355910276,running
1.1330896010406442,-0.9403490353205198,9.353849126364073,96.29414958036178,-79.92964778347438,44.64683287432341,running
-0.01458468748966384,0.033979887446733796,9.62412605135769,0.5470957592354743,-0.1408923044302536,-0.5113962825992028,standing
-0.023286487678512845,0.05677828200902995,9.687535790816213,-0.027792335455227534,-0.21986552913708746,0.09879980234619982,standing
0.34675718235814956,-0.15234338571327288,9.778107907734713,19.847286002633684,-13.63947358256459,7.243518436891866,walking
0.9478141514324518,-0.6176068257697551,9.706489728840516,92.55695656494856,-103.82384002003438,37.23695583461664,running
-0.023170884640623113,0.02854452553465835,9.87116148780889,0.3271828281770289,-0.09343582208067952,0.6586970328171629,standing
0.009843061793456176,0.0426216667398112,9.79444523011034,-0.647539386031808,-0.10699442211275448,0.5235491513060773,standing
0.22236463629175424,-0.6339833671420576,9.742546138796037,20.428931624696737,-18.195535378269504,8.028252634512706,walking
1.1359781989963103,-1.3694408314086166,9.133055110882779,98.29560128778537,-82.98555254128311,28.943530581596754,running
0.4445780697219059,-0.8629356912133254,9.623967945465754,114.83110669632443,-50.19938916974111,27.831811606459354,running
0.7026774495053246,-0.31268803916846644,9.575980080665003,20.944566857373214,-1.878451883565738,2.0138829796396838,walking
0.4984084699073046,-0.5102371432657067,9.67337806952215,13.33090255121995,-16.51025777178755,4.007757490742348,walking
0.0357000247046046,0.007519689323810382,9.824822058630033,0.5403903627773109,-0.5791823445962714,0.47038559399410795,standing
0.18928235165840107,-0.07853088479600145,9.66353985983902,15.542798528882615,-14.544818128537493,4.184242322413421,walking
0.4199857459992409,-0.6239234866578023,9.875727551519269,24.791737271102967,-8.409071371460328,11.396408442972575,walking
0.8260283471355523,-0.5965610893774931,9.27094273921951,61.359658687390606,-85.0360576137828,48.020622710153184,running
0.8716172325142432,-0.47898900896244284,9.611722928883681,92.85635834887587,-97.70276449188047,52.52568845996623,running
0.4523768410063134,-0.586473457774574,9.487644791880442,95.42125975909654,-69.079435526903,36.27534452115899,running
0.6123022393453705,-0.4734055678166645,9.487176539161412,17.58089143557479,-13.333261646172074,4.303067422926782,walking
0.09704865386142661,-0.6593663895911693,9.667855769437459,15.464224505705573,-11.23822563983139,1.7430335531557946,walking
-0.05843390188097661,-0.015513337829672803,9.702244475520146,0.0751508807309388,0.09330456157817905,-0.028809398516792695,standing
0.8603887258367305,-1.035497842847887,9.736840799478891,65.53086276808583,-87.48447115476448,49.6771938895053,running
0.7290298255546777,-0.29843284874207526,9.772266856379513,10.06410236424408,-18.19629197426736,7.0118971970160135,walking
0.6296776599051034,-1.3216701057535927,9.090684392237575,84.95617891978392,-95.99734295664994,41.950335191474394,running
0.3152010782824823,-0.6448596472578731,9.582289720951337,19.05404136579891,-12.686858941996983,9.617179019846791,walking
-0.06640930244492153,-0.0330893232384194,9.629661756064484,-0.6449804498705269,0.4921611992382919,0.11222590927998602,standing
1.0600236869280584,-1.0078889017357386,9.383544104311225,84.41521420593116,-50.928253818658064,53.361449630262285,running
0.03837173645764544,0.025689297545610442,9.785762051497871,-0.6223273516557085,-0.23937431083173866,0.31758590084098476,standing
-0.218208458428982,-0.32652689863676443,9.806048781774443,21.872190465854086,-15.081807040197386,9.045002124935424,walking
0.7010126519791483,-1.127484620666277,9.240861178195264,91.64112707749455,-116.93101141622218,51.23078201656181,running
1.067070664725588,-1.2126133236729308,9.372180915706256,85.03816163508664,-69.59520605020401,37.77104980444436,running
0.3384098232980063,-0.57749843556042,9.749746634722193,6.582809038895249,-12.697231378404998,10.665250003636848,walking
0.0086590462925591,0.05897200603606435,9.903753994425792,-0.5405282702041312,-0.5008100049474578,-0.7964968667658346,standing
0.21134354976169792,-0.7125091713773086,9.618480721017672,14.025458598236595,-13.170099295534907,3.5339022402053635,walking
0.3557988324447604,-0.34628154422734864,9.487231342485723,11.404233403787899,-22.019311822033767,7.73546954149671,walking
0.04067586086848349,0.020646572713781217,9.900629280921445,0.8327372222312883,0.12190035688559941,0.298700034924929,standing
0.2367183100610396,-0.3970623610541606,9.461638472325225,18.898302661346698,-11.013421462972023,8.136609669952099,walking
0.2949946082509712,-0.628337822826701,9.766062100393045,23.66257499742546,-14.720570010570963,6.7173294977712334,walking
0.26500804866091826,-0.5636397766844614,9.695208220284265,20.865623187933206,-16.348315406373473,6.464114912190594,walking
0.15899762884831822,-0.14204944918345092,9.449018615208054,16.443468146399287,-10.687193354990375,-2.416855426508537,walking
0.3748113139695144,0.12033662283607893,9.547025056078397,19.595770868050007,-13.518630143883323,7.9516442086157815,walking
1.0141953119864344,-0.6886480380525831,9.230279151462312,108.00392624608244,-100.75211109403219,43.92645566787789,running
0.5163289796476749,-0.5928871361679056,9.382377183893253,106.05915839968779,-100.38629025460416,50.511979018810855,running
0.29878581769202134,-0.5128495197314777,9.730694594618587,12.818070547367157,-8.88896427978299,8.341272570260097,walking
0.07690182832329846,-0.07179310755897197,9.569807883526442,-1.0366951162040747,-0.39914862226922687,0.23852041361156073,standing
-0.07753317155330663,-0.0006123386423457312,9.863859245877737,0.09792262754884078,-0.2775997633465992,0.16067860772513654,standing
-0.02271227957534827,-0.671316360924681,9.629191118285586,15.973680973593874,-11.241210038756298,10.00713094467018,walking
0.07749672025087698,-0.0073528690751069326,9.804739867131643,0.2362987412065215,-0.2510271121763056,0.48204358414417864,standing
0.6345144773675406,-0.24933167577909351,9.625269146440441,21.962326500321645,-14.381104367723296,11.547549560389202,walking
0.6863766346203285,-1.3606716369621317,9.647084444552112,108.28456184690495,-88.17500472896765,56.64927162301741,running
-0.06724107462065937,-0.6836731465866064,9.53030740540524,10.95198240039177,-14.540700988236555,11.133562037130382,walking
0.004853877467402019,-0.010406112517863761,9.79920273586834,-0.18048308290953996,0.410241090598682,-0.035800629707031975,standing
0.04109512521876119,0.02310517371316354,9.775096396044363,-0.38890834379543765,0.8972789317588938,-0.24687829158065625,standing
-0.0006748612368966961,0.0022785919951906894,9.773059316555544,-0.07900394928949471,-0.5020703833760339,0.19961156130263963,standing
0.16741981648981036,-0.09973326960890266,9.843701768770433,17.54362511614967,-16.085443155340954,9.42245339514264,walking
1.0218934143298035,-1.1090315455288724,9.140673063242803,70.96004255179952,-88.23501456321449,49.08600442490886,running
1.050876997728332,-0.6632829937873443,9.511289492796081,83.05257956871901,-73.63757275993771,49.22778954776955,running
0.06781200142854114,-0.062389159098242476,9.777903040046679,0.05321511384594842,-0.19385077996799208,-0.5598349473130719,standing
0.17809755956814335,-0.604837364865841,9.706417772570855,14.159280907076052,-24.811668293976552,5.766792984215877,walking
-0.03384610001529794,0.10610780985063167,9.701427395366446,-0.13444434527741528,-0.31869356365325885,0.2470150931413694,standing
-0.07009255313961404,0.10461936378427301,9.857059866859316,0.3716320470113575,-0.3500604074695866,-0.5715024563652418,standing
0.7227865803748261,-1.2526783816874554,9.1671964263481,94.76179891875263,-88.5716565446808,66.95722877810866,running
-0.021032266138267953,-0.02800905200984848,9.990941664047014,0.5245046129184446,-0.19666940616368034,-1.4481276890968446,standing
-0.03599221041973543,-0.01672506179204742,9.866967254883004,-0.13636178487383524,0.24622563200407455,0.4418299687433362,standing
0.6235132619338906,-1.3197918524405825,9.489480462480905,71.85784596871792,-100.22139239778778,32.52363490171739,running
0.5305677987487173,-1.2453042250858521,8.55221600727482,79.31739203735935,-61.141268910732244,64.66540859278604,running
0.18850164299843325,-0.33851866043817985,9.672709922594171,18.541072116282784,-7.964387016813449,5.261480696959984,walking
0.27403586005331476,-0.7932713178752004,9.762007209857197,17.209703247847045,-11.080752276231525,13.28521612909205,walking
0.03763275352996809,-0.42434950167665675,9.586420007654375,12.28663100132989,-14.566067832357927,9.686346442457822,walking
0.000650094593895351,0.04361603183603391,9.823561455810857,-0.3635685879124343,-0.22615315962453836,-0.8464784070976927,standing
-0.04540120377606055,-0.024268177391455176,9.917929718406384,0.2405046158683566,0.04114199463771209,-0.16017365409716008,standing
0.1563185468861605,-0.3088224455836785,9.732466466572074,23.061103141277123,-15.845711748936491,11.529332249293637,walking
0.04843224952664446,-0.024650046732941643,9.947994413889003,0.579664901682124,0.25363701555364887,-0.018611118254920796,standing
0.05792977895037021,-0.00543800742284288,9.88711247034317,1.2800422691343973,0.09826058485073506,-0.694786233381798,standing
1.3169630694488623,-1.1227452697615152,9.694529514390547,91.09020786494013,-101.38245449077135,31.68317752793974,running
0.32445950060645673,-0.1628591690674006,9.50310537313132,11.457966165447687,-15.962099604999807,10.879031768592728,walking
0.004352353411908562,0.009952984778673502,9.857655696305578,-0.5552879227329144,-0.2588056495180857,-0.7782909493298755,standing
0.058061051431778476,-0.49776988435725483,9.655093097010202,20.504798174992857,-8.42309342279378,10.78215103026311,walking
0.8446746858041971,-0.7208315345239846,9.024426962540895,88.59919711650078,-98.56921562490649,51.56693728246525,running
0.09430929506052652,0.06388324478942124,9.740760607576114,-0.6402146762481415,-0.6799280704899596,0.30638695253128484,standing
0.9069123415735583,-1.0956266665779182,9.008055112183017,93.36324606436189,-69.11907205174182,65.88626928043595,running
0.6869569150558412,-0.4768622564389489,8.948702538299107,107.30851101383621,-74.57195649874001,54.18205755887972,running
0.012994139712421178,-0.02355191528091614,9.552835549987272,0.2588295102345615,0.9233184980238329,-0.0865359121419348,standing
0.07615149282040128,0.05269010260174515,9.804698059376475,0.6778189294024755,-0.23113764435252124,-0.32346838885278695,standing
0.9607468193167819,-0.7610381123702631,9.402151826925442,67.2829453622885,-75.01874764462332,51.75286778933924,running
-0.03003193449594025,-0.035765185462998415,9.90584244868496,0.027862456144347302,-0.21009340854792863,0.3067589863652083,standing
0.01718091447842307,0.08827271201405484,9.748613308266332,-0.11546726510433898,-0.318869992125658,0.7382701748629479,standing
0.43951218043709,-0.9221842696825178,9.062770869793791,74.42184268734042,-93.90717112103057,31.59922255494247,running
0.45998843068070605,-1.0368362482422564,9.01744906883152,103.39430805163154,-72.07545813253084,62.395840064415616,running
-0.059565174860132436,0.016135928016904475,9.83944521423783,-0.4291788900906068,0.28488364011610195,0.49088274349579714,standing
1.146173846600778,-0.6436424318800154,9.171700908871651,77.1484185925981,-82.77865870302585,70.52972024501663,running
0.5997768307060178,-1.043847890219773,9.208373244907987,90.51661517558762,-85.58529279066316,61.01322957735762,running
0.802176764920149,-0.8754013330759319,9.39218328682938,47.517666028341466,-92.86672204393977,52.078025073533134,running
1.1021383155371043,-0.9553576072967549,8.855938416633387,69.96777646350162,-95.15492707687797,24.677539147803145,running
0.41585829992021767,-0.5494423358295647,9.711319123660784,16.427770374288286,-10.767476107839975,2.5893188566258623,walking
0.4676981548903284,-0.36308973936059263,9.398103047962987,14.451950980370846,-17.694165588903846,4.766937113436295,walking
0.3321147962099729,-0.4055029810101273,9.58433261721938,16.54025269752051,-11.176195793817417,10.795313680810139,walking
0.01725710061900393,-0.2822843191158781,9.596569790655167,6.687540059821629,-14.91379328805791,12.770030049911899,walking
0.6605582212984996,-0.8428093226204927,9.776034147393252,84.86176198713352,-69.88834040207202,55.73744421004413,running
0.8666537939026744,-0.7311357419476936,9.07768979294292,64.03198044832612,-61.152415327289745,48.96568775709716,running
0.3273070662165475,-0.21921303178276097,9.700701011467569,18.541519236005318,-18.815870022964052,5.399904262372408,walking
0.3555210133742145,-0.5175374876163834,9.162614931351117,82.93313022273182,-78.23162021022237,70.46862195719558,running
0.0030204063100192635,-0.30624514878499526,9.635755347410218,13.15194831978183,-4.550682806989589,12.388610847014782,walking
0.42514242535562724,-1.172326854044076,9.162932801268731,69.42489454154301,-75.9512874914291,45.22354417395995,running
0.7911455786814626,-1.2025664052228624,9.292235266782276,79.00450506714016,-98.74411150845587,42.82983850872064,running
-0.05064155601672119,-0.038641260726878596,9.955115197552253,0.054697397302446445,0.13352513293462942,-0.3257090018072242,standing
0.46670579232178494,-0.059557011072952415,9.648869447487325,23.87655446304756,-16.335651078554502,14.04461972098939,walking
0.1240980531407031,-0.7162593617959193,9.395747246185232,92.1538190475774,-89.32058310883114,34.02400830404568,running
-0.03916266461681186,-0.04127485983962558,9.713958663471605,0.12801486715693783,-0.5106164085653566,0.5947352444623203,standing
0.9545292646615853,-0.9094317511124329,9.062020384994442,66.9743962870146,-55.41186734815288,62.59233239786799,running
0.03955159735215235,0.00484979824963591,9.633059471887863,0.1539008844460296,0.536815874929886,0.5527629664789919,standing
0.38380380187320906,-0.3237683230234445,9.797639630341193,13.749767427005237,-7.628054096436363,6.316952825275787,walking
0.032827680431691486,-0.04136154717761615,9.757901551917975,0.3501549397044957,0.22385428000865748,-0.16241569175431123,standing
0.26950603272389123,-0.47456663041835345,9.596370659041362,23.07791411774116,-8.993966255354426,5.28974139065738,walking
0.6348948848726889,-0.8869455994069602,9.460119948800207,88.51358549638097,-100.39553811498838,58.79417041137403,running
0.03759665163433871,-0.006507152718384229,9.87513871233718,-0.028472811860533728,0.09704499644915379,0.525327198003806,standing
0.3020705239686761,-0.4165361371685399,9.519700772106912,5.994711329236305,-8.29587827289937,10.663697008217845,walking
0.016437555482984225,0.029415860324228826,9.69184519963856,-0.18741040377479876,-0.17964604539352977,0.11939457951325676,standing
0.0411030079997245,0.011204624090520839,9.596187546482215,-0.01749424524848085,-0.33819615102963485,0.6921364092552591,standing
0.5524292657481384,-0.8096677982424774,9.261185237793814,96.5596978055844,-91.06596134775941,47.72523740046592,running
-0.07076853710252072,-0.041449750546103614,9.892617754753164,-0.26136151025951976,0.1843366544364506,0.4990050549298261,standing
-0.027219136226259134,-0.023596593289471675,9.864537594958515,0.7965933133196985,-0.2227512607003859,0.8637715850503557,standing
0.6163111209004574,-0.5754699816981514,8.778971765125354,105.62586996088277,-59.854104591876954,58.15501022444263,running
0.48381529659755373,0.012300715327279554,9.449950301309164,13.706019686664488,-8.647596913793937,9.673592883554734,walking
1.1613795755237657,-1.241305701127445,9.1411105396489,109.88694971313285,-102.67061301064571,45.96924010934969,running
0.4223726121821238,-0.6313933707712202,9.167755572983998,83.11364534671512,-111.90838746801836,28.100782950214466,running
0.7174068204425186,-1.1780094926541933,9.246947757524714,80.73537484599456,-86.13498406488745,35.20555776860276,running
0.32670818095645643,-0.2555237284344457,9.66055951355049,19.824258165487286,-11.997360205717014,1.0967730848376132,walking
0.4267553761864197,-0.4729905459085771,9.73788434018628,13.875720090959607,-5.196707020806745,10.976767885999747,walking
-0.04952681625653442,0.05790554367500339,9.637245756211684,0.00921696653269658,-0.27946092363579417,0.15131773261951662,standing
0.975536333182724,-0.7972986496531136,9.242612836159914,74.68256313659549,-87.23453964650946,41.8759765106258,running
-0.05981033120403354,-0.051219382066714496,9.821397991073423,-0.2717123855668825,0.8979388365477609,-0.8698568893890498,standing
0.0187849009172836,-0.05388723889646531,9.868605145999844,-0.06289346004982407,-0.26143001357663415,0.06001566335913065,standing
0.48712604357524814,-0.7755403498914268,9.549142627644862,102.7015616282474,-74.40881629277303,53.30851304615578,running
0.35347846281438056,-0.19518749483770753,9.677086177448837,17.804597239706194,-19.76879383008032,10.601800370144556,walking
0.7983463518529256,-1.239184600481258,9.583905036795736,109.92961242372347,-78.12747827816952,48.86871947484259,running
0.6623637219991299,-0.7897052121025736,9.471376934697552,95.83468094028275,-90.42194150040979,54.347700645568914,running
0.3230479317162231,-0.7998420100294397,9.427067159918648,77.0417555911535,-103.10532471785824,55.114995753618615,running
0.3783608010805093,-0.560635790136069,9.74293118208044,30.68874266829997,-13.58857548378117,8.573553869369004,walking
0.01620419846973975,-0.06304419771675226,9.793732090272684,0.9244780474726726,-0.3115702632123822,-0.3127813507547647,standing
-0.037686808217874485,-0.03865048919277333,9.76484865159587,0.9062242789984644,-0.7153875510590241,0.42670777939015386,standing
0.3607334694022253,-1.0455917506103605,9.546362421403805,83.82760283156729,-72.47873010512677,39.48690088360655,running
0.9990576320397424,-0.9724492337612337,9.088421005633567,82.47896779671545,-99.46806692365287,43.617172734715055,running
0.6256793246257076,-0.25302444279003655,9.439870062861859,13.959415713637302,-20.84537952444559,10.745273827826804,walking
0.030574742094060692,-0.27616914779896046,9.552141909650008,14.867393703754699,-9.870563969034821,4.312560747498747,walking
0.026097078280844885,-0.0359222110626218,9.837114587337132,-0.3057589014959741,-0.022793008177748902,0.7972525316124861,standing
0.6185034669021839,-1.2568999977271085,9.048986350789498,118.31531486010286,-65.8170128002991,49.01154798760694,running
0.025663371655667806,-0.03113497599102969,9.888163975694946,0.22213165574301988,0.5543517902914539,-0.09817492454248913,standing
-0.062286938935599404,0.09157293829271769,9.833366210528695,-0.6383742879101547,-0.3409921239988993,0.15989096707126849,standing
0.5455337984946584,-0.2868980708736912,9.650772576519254,20.002911590214893,-18.729354617366074,2.9904262223475238,walking
-0.017135725826338474,0.037364680256163095,9.660143242618087,-0.3521718452713796,0.014372411467408744,1.0441873523903638,standing
-0.011706847847459028,-0.04689125199575614,9.86228499323475,0.938397906279033,-0.15458606173431969,0.1967426927108748,standing
0.13600845832948094,-0.040414914267757576,9.914375404320694,0.310336048775339,0.3802073280721487,-0.5517946586078855,standing
0.8172087762784432,-0.7628158786154277,9.398449324554063,83.23261712386501,-96.02955191022929,37.07374652847737,running
0.5079809374792152,-0.16705212910856573,9.594444480442737,19.737632310614288,-11.076297105521377,2.695809255671847,walking
0.10538621182368887,-0.22319092072779007,9.359705128215424,18.226077929750286,-6.299254807393668,12.450753499959701,walking
1.5847283275926176,-0.8565336500709326,9.195951398778687,70.60287684362028,-77.01990701767085,53.22974503617668,running
0.9371115688155134,-0.7133790029081855,9.228138120149913,88.05724129704839,-102.30025765893939,48.16849528946705,running
-0.005782414119412027,0.025249363949022857,9.593255789996013,-0.1297956756818024,-0.5613610107811493,0.5393404167156478,standing
0.0042176862451742125,-0.10146228620809566,9.841841738698296,20.28028404533026,-5.591781024981157,0.8950590684067201,walking
0.49283768430512215,-0.6293168478640059,9.165219324212757,107.95870385467842,-112.86852177097431,45.86384334370357,running
0.07932667876522526,-0.705131262914019,9.642493180731922,12.630803264645419,-14.266242045115067,5.609959221233433,walking
0.14885096810143103,-0.40067489148219043,9.766454976293433,16.84821096099047,-6.3728260779261525,9.000800825006777,walking
0.6307400878465692,-0.7951049858100919,9.065873406302602,101.62733241052175,-67.44701936205095,59.778155496862006,running
-0.0950933132707743,-0.1822502760591628,9.762897317426255,10.403077042067883,-9.26440442412395,10.67496662237005,walking
0.8416006812757822,-0.734024634004565,9.34852690773834,84.06478932365604,-63.45496891441032,38.28345652682438,running
0.20241771837085945,-0.17027253011425697,9.587534164105696,8.101909176055347,-13.787227114052136,4.171396340419829,walking
-0.012269405800143525,0.0048838049274415865,9.612920807897416,-0.3134835288938837,-0.020078975322171705,0.297377170832643,standing
0.31132998497942144,-0.15579326089492943,9.676965869726413,5.103500948121061,0.06307710806457933,9.758004922480906,walking
0.518241753772332,-0.6962571673685414,8.740442191668757,108.0079748771081,-97.92554605384387,46.97819413017378,running
0.4116653825043445,-0.42769119679675477,9.79756726010098,14.32845629264726,-7.7455101891601394,9.746954206934038,walking
0.6499153486373879,-0.4501666032910095,9.562146974681056,19.475191570380577,-7.312149311867208,7.997165621693417,walking
-0.0036005060790166923,0.08162056519658177,9.861416670004344,-0.12748860871042764,0.14293269536245248,-0.6473407378604529,standing
0.5780415098034627,-0.543364464120561,9.274099568097894,18.190255507203787,-11.795404123021394,8.920283036765609,walking
0.3032626129769289,-0.4309759923503676,9.614287304215644,61.952754907017535,-85.00470508917662,44.66399693560833,running
0.8298879476082088,-0.9889822377209395,9.013077152546083,97.05066281052304,-60.57297167841517,53.131321400131554,running
0.26541078801531537,-0.24114706407563458,9.606540366955867,17.967783611404307,-7.063327417054491,7.37640728825333,walking
0.3123211914683144,-1.1542901785857254,9.66923360652957,81.20203095654097,-110.02898888317293,51.4098269961206,running
0.05714114072575103,0.016208317624422108,9.809933230542923,-0.18180610610692793,-0.22321680727526413,0.10054952335748375,standing
0.3020583615066751,-0.4632533033559701,8.818081855163598,98.27611199866381,-74.17781014363985,44.6783143687281,running
0.4899108270882647,-0.5204424120723561,9.460897029871413,18.107859449280255,-13.116011273174026,-0.6133716794849775,walking
-0.09937844573004465,-0.01926567984308801,9.911957491143458,0.6357775474970794,0.594196636724042,0.42511087105674644,standing
0.2629424682244583,-0.6089618388042067,9.880994666432631,15.843273359833638,-27.09756077910413,5.402507846714296,walking
0.40159826538250876,-0.7521617623961552,9.630173948380925,17.120305222320447,-12.738901594087357,6.993844455822018,walking
0.06248031619409741,-0.2923407841900734,9.616990561580664,14.343715164538477,-11.700336848668359,6.566639391915111,walking
0.3369360611729817,-0.6019461409419875,9.487204600239178,20.350751191582138,-15.309910888983046,2.2014191212058796,walking
0.5426195399958367,-0.556979662616448,9.842306353420415,21.55154373059804,-15.08825947717175,3.6510162445487895,walking
0.9078755869094832,-0.9790344648246747,9.253167745398407,86.27207072888326,-76.68913343326139,63.86349397262843,running
0.16638190927139024,-0.24432778476667247,9.652594514891033,18.484772022553678,-10.117952369512416,12.207790470891673,walking
0.4082925456409576,-0.5755965173513122,9.501888647530887,10.471338495686904,-11.895567558520192,10.73427729280191,walking
0.6871529856065275,-1.0238993466430302,9.318009215320936,124.22477754808264,-86.10959295391567,73.03638752104789,running
0.05154997612479755,-0.07596849829770068,9.746974238162757,1.2866799016249302,0.7102521239949274,-0.27515257692271006,standing
0.01287751953613822,0.027354869058501898,9.804852162794484,-1.040964703941861,0.3227420905705377,-0.31188448034790256,standing
-0.06104218249855112,0.03169595111590056,9.807409478041977,-0.8274283359328847,0.11710736626826038,0.7869933816450164,standing
0.8646651505952092,-0.7500407628778887,9.117260931071133,85.48710379288761,-53.709294256943295,67.12040284017893,running
0.1392650864060538,-0.4334243427572823,9.549783700184019,11.93781312679781,-6.698950462505601,3.155312282876875,walking
0.5359959746238203,-1.0906087166476888,9.387450006141977,83.79591699867534,-81.66565216298719,51.95481731553291,running
0.6798465129851934,-0.7467623734417216,9.02378430173437,85.67176956186442,-75.42009747035347,48.7234531848181,running
-0.01505518477946444,0.043287759708506075,9.791087996048722,-0.7515714765590531,0.1912048730920253,-0.019254234750353604,standing
1.0373060079611507,-1.0329132063385447,9.537862319264523,82.35289960213676,-73.30976494142001,54.44198327290672,running
-0.04597121171169016,0.04875598667088756,9.734816389219786,0.5145778186628218,0.2200072250266662,-0.12207831764532434,standing
0.3097720140651409,-0.20079046283883673,9.527588471672695,5.984301618720275,-21.468073334768928,4.174254492727965,walking
0.011612684858050178,-0.007996926498171356,9.825442084330122,0.5268208983039198,0.7218823020366297,-0.6615448967037492,standing
0.8159418675308636,-0.5166154877137877,9.754494122637174,16.43562082600912,-9.472649204166865,11.570389353197237,walking
0.517989911570411,-0.7280616560276401,9.36443813503569,100.69068043291998,-77.41616137246189,40.26621161972965,running
0.5393143003328983,-0.2526312205815133,9.563090626780507,17.778022330017244,-4.097296567158132,5.482946425228845,walking
-0.07392609951837137,-0.060014820352788815,9.669553049949515,-0.12287153204297216,0.08322610410652805,-0.08631364997040981,standing
0.9927450158034127,-1.0005413343514356,9.149004843507694,104.27324655861064,-105.48736233123158,56.78946987762233,running
0.9772810418613489,-0.7131866328299195,9.023426621897093,94.6977671079747,-99.69581837075211,37.007836365541756,running
0.051227352921742964,-0.1343611716301884,9.556228309662668,12.584694741582803,-20.037799321844872,2.99836906412113,walking
0.2381767071594997,-0.48749166006468214,9.535256953092292,10.970649667519055,-14.250946324257058,9.850365171415804,walking
-0.01546061879256073,-0.03538347328093904,9.696475767758063,-0.012062543555001639,0.23570777819320204,0.5863645096296823,standing
0.41379661583705507,-0.30180500967234974,9.909378737886472,14.833850046777696,-12.127871560959973,6.371854748292878,walking
1.3265328318609775,-0.9613413662958364,8.892381689071216,76.55036659027188,-87.05493234163687,49.64174421293537,running
0.004982568254382061,0.031205990852607758,9.825972250172148,-0.26987984015468075,0.7827620146171702,-0.03206917329649627,standing
-0.02591351091368237,-0.06189077494134246,9.820346363586722,0.24468728061395903,0.522080438534536,1.0383739917804204,standing
0.06597739478812809,-0.42003081529599057,9.194515156050114,6.134837658965592,-12.879272022160356,12.239745536186486,walking
0.1846979198546561,-0.4452957783803054,9.676680389928746,12.021693529782539,-18.3008238258629,12.847775941545603,walking
0.014849233661659304,-0.010672357585592363,9.73960148132842,-0.7033305484241111,0.12166972466134592,-0.4234806741591639,standing
0.7114713984880084,-0.9617578292641021,8.821936256145056,75.81380908954829,-86.1616519108899,47.0251779912615,running
-0.061543215821697764,-0.028186227640198736,9.742310813047686,0.5071850325090652,-0.2820393153683642,0.35058637115544916,standing
0.8499055330908801,-0.8484481980619406,9.594931302090178,71.96775710885866,-67.19898069734003,50.188190497405984,running
0.3919944285878233,-0.6144278023971215,9.318724129553138,19.002047626138413,-19.990621759418737,0.6152485510476247,walking
0.3366719839558311,-0.4542247202085138,9.797237168037606,16.1161945706458,-9.211544696374377,9.634611245922683,walking
0.707616526162723,-0.6729633960039054,9.203744547071786,60.733472039420626,-94.41600859126758,40.754358856219,running
0.027128002179298234,0.19263657453273608,9.851443883405876,0.7480221557445915,-0.44730365110975195,-0.267617605780284,standing
-0.006913215058559233,0.02803922631841172,9.740062497704624,-0.4610826620888127,-0.25802236410868695,0.4623168414563844,standing
-0.0618475355439041,-0.0724042170748662,9.857707212718054,0.09338338223853916,-0.7627625854623694,-0.5481375434476009,standing
-0.07317574740660593,-0.03464547976303271,9.853891004368467,-0.15477321965699514,0.3243549437948213,-0.04035829005429116,standing
0.3283433827279809,-0.2703439132312282,9.551651929618298,21.97841905394978,-13.58036428013525,3.656699484459258,walking
0.6059410941482806,-0.4555009792612204,9.283952955722876,84.6295593037952,-81.13036028168229,66.29166364900945,running
0.5259840275889871,-1.227580170118594,9.1205202773131,81.66679830769701,-98.21602504991938,60.88769654216672,running
0.5891419213499924,-0.5785370543295343,9.22504045093128,96.70308751204047,-82.15780268168379,58.89037122279892,running
0.008728890641591948,-0.029578569441791498,9.713600923032018,0.8773970909921823,0.37312678301361035,-0.5267077815868281,standing
0.03128336738825031,-0.04198609210903881,9.833849640749442,0.08885050046662692,0.3929000793254161,0.08994707557673923,standing
0.003376410234396192,0.03431300951872567,9.775103585152094,0.9410122482375168,1.1494490618096251,-0.01217729613049142,standing
0.7633851076838418,-1.4357599475802334,8.989559856129596,61.75274687912125,-62.66330337507566,60.0713333647316,running
0.17731946729181203,-0.2972799786860567,9.441947637128047,16.268698307472867,-11.490718523690067,10.002662885524838,walking
0.6311827767795917,-0.8748520116211917,9.287775704131475,83.82860089325996,-64.4419578400493,54.25843658629829,running
1.0712314404052417,-0.7214911602493306,9.679098513813393,83.85470111055754,-108.65494723286496,60.68379333694016,running
0.6813426949002066,-0.6906290182382917,9.284498997658492,96.73828081927552,-66.25571642055,63.84532047593906,running
0.7530462616418193,-0.7140865662101592,9.973258415995124,77.09422483830747,-78.61832703723742,55.69760357198647,running
0.005546129485493305,0.05444752984836831,9.936863155753235,-0.2556078382155926,0.7266922385588505,0.21816183483701604,standing
0.09483964913269738,0.0006296200390897431,9.699191368908261,0.885400317817755,0.9004702164554078,0.2819545600261798,standing
0.030583814442043396,0.05162326302755735,9.850404651551786,-0.5532629543708352,0.5945082655537759,0.13033688291195356,standing
-0.0239587118922645,-0.04634652357890415,9.99647251329164,-0.28683100344011814,0.10146151042564985,0.38584935532417236,standing
0.2856866190538675,-1.0616525568578215,9.1538455673357,114.47785348633664,-74.18296956181628,39.39394933603399,running
0.7638659079963388,-0.4241896297215563,9.782573778123824,12.18915986710849,-8.921144251144291,10.717493131826014,walking
0.8711838991658593,-0.7839574437932393,9.28862193867469,79.39661148018976,-79.92170685571129,61.806409124521444,running
0.4243940465541717,-1.1639443060506163,9.538825139559439,112.42407341179853,-76.38893168658998,37.60947297473358,running
0.5171791131663156,-0.38231862274163053,9.580104938042613,9.030374968004722,-13.643092378744923,10.138022593922202,walking
0.12316210562426431,0.04067548180003193,9.709243633795841,0.19956805717603543,0.7887266398817372,0.24784094398630233,standing
-0.04196087616113193,0.06334555745933114,9.789296964004546,0.0069646459564731015,-0.41617778655211435,-0.012777035495722639,standing
0.5381292549572683,-0.4914192513172544,9.774281745391228,13.284038622512949,-10.780234010457498,5.895860629329679,walking
0.6958486761717287,-1.205004938572949,9.335314285021866,62.730311619192676,-63.72202982277945,46.729826823902286,running
-0.003722295788308361,-0.010109632621694703,9.716904988358896,0.8482281841450191,1.08162736165273,0.9570156769333931,standing
0.1596016624386489,-0.6843621333483687,9.618400547399219,16.335633255057417,-11.99397262318888,13.93646411414386,walking
0.10567719229786968,0.011499093942339722,9.480596121479476,10.59062674386141,-11.90426111292124,3.984170511674006,walking
0.48347873399882396,-1.4629658118125621,9.345958629080627,61.382886631839135,-82.2223669475513,54.914294527201996,running
0.46487030032408105,-0.8953144998151191,9.148031184831046,96.38234899860345,-81.5650541131099,46.12300083591439,running
0.3262847870660846,-0.4337518737855678,8.890128959368642,97.10207848552842,-77.45823359657209,49.50970659161963,running
0.023691646045589376,-0.014432931946006916,9.756744181218039,0.09241806184743695,0.22837660957689196,1.1262179026721544,standing
-0.030085330611469847,-0.036518331585856836,9.681674148733423,-0.8462323148574097,-0.6722252555171385,-0.12868826871167255,standing
0.8542764268053504,-1.1583263730520712,9.726026379063873,84.17218837225487,-99.81810011351124,60.639409875608564,running
0.008568414059498526,-0.005736822073344951,9.796730525190592,0.8345107626446965,0.3374097460833019,-0.22944213143447,standing
0.5747899559184746,-0.3038816664901677,9.519011698132449,90.61988448405927,-64.00608032281309,70.95843501809159,running
0.16141896044081852,-0.288753998119868,9.365521378695501,15.733965059927748,-15.813623892831071,10.418061305421467,walking
1.2020356270895611,-1.0873036169139672,9.276133938227732,98.34829686800637,-99.28474571108195,54.35975389500046,running
1.4862379273089923,-1.0473461241426314,9.527840680543681,74.96674471609913,-110.23988041184029,37.29938911287968,running
-0.009282948833190856,-0.002976267803090004,9.803526355197173,-0.27342947062019607,-0.757872057498616,-1.4242713103150377,standing
0.46420419020950526,-0.8218673209999332,8.778243245349483,93.03493194634203,-71.77888706614644,50.522584904974835,running
0.4355851742678538,-0.35988616055381145,9.389052380449225,10.141716327293569,-12.950195175007472,4.144964295157557,walking
0.07389470223707581,0.07930084080726761,9.639355367974243,-0.26226013313988683,-0.24471972125911107,-0.1608175256086913,standing
0.9228047255079167,-1.1685209526829814,9.420969162797011,85.00709393426233,-84.30995879120088,68.97288694773111,running
0.7675923766122824,-0.3900127876270859,9.239154005156246,90.88476332384396,-104.206833565037,72.72434720446881,running
0.5437523703394633,-0.7536878731125704,9.54760248058227,17.483496116182607,-11.90191671153005,7.713602992567733,walking
0.040626291119709904,-0.012628407569658016,9.788767195030918,-0.3564228913385822,-0.3063943452421931,-0.18122047070156608,standing
-0.07061518506676458,0.004093706969316128,9.806751848141012,0.11194201213956569,0.5327401875326756,0.2120829732009582,standing
0.16862114420572083,-0.5456005882458269,9.60319674730079,11.275486775967755,-9.56063857564463,8.277377348145002,walking
0.007686255297276396,0.06769361870827065,9.70212362842177,0.3407503486863122,0.3204214306335049,0.2762449772085739,standing
0.13602268445828647,-0.42809408243554314,9.494351838191129,84.4618919932883,-90.1136181601912,34.32140574634544,running
0.7164802332999546,-0.6438072070343329,9.201882223484782,85.9853836365181,-58.05458765609555,48.396399189551694,running
-0.0907243217050634,-0.841492504791562,9.533047891065097,71.43860042666141,-83.82134455421276,56.40542935074774,running
0.12303945719461978,-0.505810535469259,9.682722806406069,20.668850484335323,-9.668208127768327,12.943246480027755,walking
-0.023473719296747606,0.0257523843153024,9.81202956317119,-0.8893601244521393,0.6278780627867604,0.5247763576596676,standing
0.611473025728628,-1.0592912693435894,9.668167668937746,96.64503195671062,-105.13191622727672,65.94442391749197,running
-0.019254114020815827,0.045893097352738804,9.895514232050125,0.5632825147738787,-0.27773855958012733,0.19790176671870452,standing
0.562809503473963,-1.0672269159324963,9.450529580098122,100.68483239370244,-97.04236665926264,56.04120889588518,running
0.05017664489460121,-0.07150706889803164,9.875750771004732,0.7519964942913443,0.1672283949935125,0.5804133936892597,standing
0.010704687206510199,-0.0660116603510321,9.84789798257464,0.13578941859768673,-0.12358869126029846,-0.30068382197560684,standing
0.48686398224785477,-0.3396416200361068,9.675164125490976,14.853685931575109,-16.14248512390123,4.5488969438275175,walking
0.28022206936177146,0.0012185776318245911,9.890839349858743,13.149944850589362,-12.378821432677299,10.09005642106303,walking
0.4077511984892738,-0.4418046514572051,9.28172176514871,18.967443602761065,-10.047675750355552,12.943128767288616,walking
1.2248751712616261,-0.357208095080067,9.373906122186774,99.15324254383833,-84.81251017139124,51.45521197768241,running
0.2573114258139584,-0.3353664571630437,9.59708705911684,12.673447716099734,-8.635693820165901,1.9285050132767623,walking
0.14600535378827162,-0.28272719624898135,9.747859499351978,10.669125758927496,-12.046501605693072,2.6787454970440407,walking
0.018069780275420697,0.07206366445330578,9.772494830284836,0.6230425962488145,-0.0884736137470247,-0.023460289439592035,standing
0.28590024438818173,-0.4452968197699664,9.710821572133126,9.636284871300967,-12.096301898671973,9.831091464607542,walking
0.8445598185155474,-1.1455285997826004,9.166166228245945,72.57324234131454,-102.72811188131202,62.20821298813048,running
0.4115620612703724,-0.7733073234146121,9.727113251572563,17.504222374722286,-17.010937278907363,9.990972356365576,walking
-0.011179129240725505,-0.3957456846527877,9.988434546302791,17.135971809358423,-11.224046580705105,11.686600447697838,walking
0.03375340928844439,-0.21348183362538203,9.778151908269233,16.400805794098034,-18.103562129570793,9.848243573007586,walking
0.9489197253637522,-1.5616698171297207,9.09173598574981,66.79044016592452,-72.54712282206084,51.26177903661967,running
0.03909114358886552,0.011602496867881815,9.720310474452953,-0.3628719065767328,-0.5350423831630763,0.007789523790733767,standing
0.86938177776808,-0.8110273364577715,8.87403210329332,52.67508969880516,-91.26864318648836,54.66545311450127,running
0.2180268697783962,-0.7806218850159573,9.260238697399988,86.9008308045593,-70.93126693734017,52.92715482141853,running
0.31636587170951297,-0.09157800948642486,9.618956936931962,14.558185203973323,-6.804441062898657,4.678222373773739,walking
0.3632365581266758,-0.9604474601842554,9.734712837963334,70.69254647123626,-59.99163832673294,69.91553302204734,running
0.49277582335898196,-0.44425072471715443,9.61017832657911,14.507059338578692,-10.951702923626872,0.5338401945575351,walking
0.38738763394926995,-0.06774815709042603,9.610507824466977,16.345634706225535,-11.133291678147959,9.968075391971198,walking
-0.04285787782081413,-0.02996963227220111,9.75847120860992,-0.6676721793550506,0.21272878089248237,0.6960011431722997,standing
0.5775697482519337,-0.6538967962162632,9.235286399907542,63.72256789872421,-55.70111293710148,50.5166097685108,running
0.6100970055979639,-0.9530322489347347,8.957921240291798,70.24302120080122,-63.23608677581182,53.207857259326836,running
0.5400827815888851,-0.39584125846491847,9.76140107078979,14.184665180281181,-15.207434545221549,8.829069317595776,walking
0.9456332931264582,-0.7045434025981483,9.270808521051189,88.59545716891243,-67.24759499665109,43.250659812094476,running
0.9439615560243931,-0.47058996545064496,10.281559426609082,109.19197397486627,-101.12968589573856,69.35154040060229,running
-0.13057811859049662,-0.14748317931456362,9.561164253944389,14.927738645608605,-4.737662327646273,13.689479446794032,walking
0.43139610329109274,-0.8240504285886057,9.605770766773832,72.68455997650523,-95.63531436445736,59.58385819842042,running
0.48527200326677444,-0.5908258243127829,9.355135356753468,78.24369718313358,-69.12822512369274,44.3939236315269,running
-0.0036414456328436387,0.09380854196079431,9.715015563053521,0.22959003961421834,0.4386811452878357,-0.1123165749985123,standing
0.27059959967430225,-0.6206416731443367,9.792152454260266,22.05466189873135,-5.8052682353028136,5.598305737045179,walking
0.44841907440186135,-0.3142366999338854,9.612365962940174,19.765625226880434,-23.059309556647534,8.131187981646345,walking
1.0289407701432651,-1.0461608763584782,8.886278140942927,78.29701306323805,-68.41149363464037,50.712537499108926,running
0.8820551779647012,-0.4975572253407357,9.353678295792632,109.77453487279004,-93.8390747768396,70.67906338163553,running
-0.04873408351136607,0.025967325712058616,9.828977485689641,-0.28781891311888697,0.32136137993377195,-1.2497028574367866,standing
0.09261390922544689,0.010822929479098744,9.59607678222399,0.7647751597303069,-0.4593259732420991,-0.8342920369387947,standing
0.7257679018879991,-0.7123475949506893,9.256109013625197,87.08596302032221,-85.80857273508609,42.04442932059118,running
-0.04447572148127617,0.0012255087129471357,9.801841837918955,0.3538759677277377,0.06405220745539464,0.37946429489338257,standing
0.6006074850450032,-0.29631886628977044,9.15754176794031,114.74221341485881,-81.75062536893071,50.45222708999982,running
0.24066774923328332,-0.7770711612121508,9.286898887355633,61.95387450456869,-80.74373464507748,32.23988245951598,running
0.029342854690013517,-0.0503008690749851,9.723674084345749,0.08543271906397093,0.5975233144624212,0.816715766150548,standing
0.2888461844684588,-0.2653637297460083,9.770981784169356,16.301609193856102,-11.032050443162278,8.795792587185979,walking
0.22693568973757824,-0.8725864871083677,9.631979494235653,16.757241037707914,-11.051469161948022,7.6662481208385564,walking
0.7257061484210077,-1.1412947278979977,9.147852569190075,96.83856292756055,-110.31016520666066,42.43236022984074,running
0.6929343547377285,-0.8408123203106381,9.69072219212705,96.80263068831701,-101.06278628026658,55.22250636017779,running
0.9049986978433208,-0.7343100186961431,9.433704334086478,93.37896175871325,-81.52831116211641,45.45452281256556,running
0.7983638572478071,-1.5300079522954873,9.762152208324103,93.77210413410768,-78.7533094284782,54.754306825266234,running
0.015712366629763694,-0.011840930337000444,9.811567463429286,0.362883311949346,0.4448153978117185,-0.24194291702716078,standing
0.014806013853228803,0.044979993771662535,9.696275384567356,0.163066511121059,-0.08355904015842718,0.039317595158045296,standing
0.268294085394606,-0.4562655114236427,9.473513010702572,15.447903406276245,-17.075470959139345,14.134910839665997,walking
0.3661760464428914,-0.33823339748020725,9.686944975982035,11.768863450780984,-7.874508676661827,7.489803518489863,walking
0.09328872555723783,-0.0009256567996194966,9.751239377592752,0.2466589504404446,0.17136267318885207,-0.3440751725888619,standing
0.039354230187122606,0.0766369456501289,10.007540079864544,0.06100490732268072,0.6645762650662157,1.1454712862953709,standing
0.37866356787887434,-0.31609351121859447,9.828197407788368,13.95389063127736,-5.980577814155919,3.4048238593653757,walking
0.47898487538888823,0.0330004689802168,9.58832442044808,19.48419657932766,-16.699515505544323,6.191638668667679,walking
0.26260573940291077,-0.029181486733162343,9.534677044414524,12.639547111514364,-12.955138813000845,3.5993830681132204,walking
0.30060920403068286,-0.045549680666051195,9.574676741521499,13.041757162891045,-11.74556149071991,9.683891777557559,walking
-0.011729356668757346,0.03148144209618061,9.661720026903566,-0.09245106822149451,-0.40846783549361804,0.17324423794899635,standing
0.32391607368283065,-0.8848480520545884,9.611315045835239,17.605612141896692,-9.508891257516074,1.9105632551284355,walking
0.3338721648072156,-0.5161046899609446,9.794549181984166,21.521701214390763,-10.673188253001857,10.720864421801798,walking
0.40593855087134617,-0.28358045930627684,9.561067998362413,18.73955128058767,-8.07697856050988,11.115746014048456,walking
-0.011173139266292546,-0.037956633077684904,9.81818662550585,0.2798952239655199,-0.0018012695452842022,-0.4948140682851688,standing
1.22758614525854,-0.7561675445741809,9.349952608429678,97.73442132665934,-95.92408303609919,39.33765068100775,running
0.32504490052958146,-0.6093821965363879,9.572565533834274,24.50595342876504,-15.375891374871909,15.217392439146973,walking
0.9578763660939404,-0.8051532128451665,9.175067455962093,94.64998474748333,-62.448702573565015,44.84781606191757,running
-0.008064285583300457,-0.0010450796982074066,9.734935743087817,-0.7783145867619519,0.09554953400995167,0.5540914083687583,standing
0.3056362314738256,-0.2607225105086569,9.70088605518041,7.145619239657504,-16.503103673239345,10.426892236544731,walking
-0.028114376462048635,0.03794846102466337,9.725151346344346,0.06461059098761375,-0.742780186518486,0.0989553917313239,standing
-0.06602283065421381,-0.07037318871882776,9.7796954613957,-0.3776914661766613,-0.3459540349406222,-0.7200254412971472,standing
0.018081801252381707,-0.02200222433484919,9.746949885238948,-1.325484904196506,0.3292721363364152,-0.23385060065594568,standing
0.895340872547097,-0.7635777263576597,9.15741215839658,92.37080234880197,-82.33374840597953,60.74318012715561,running
-0.010983594391875597,0.005675867262562403,9.787208240851925,0.36083603202161757,1.2634662129368108,-0.1743260672039296,standing
0.14931642593076327,-0.38277122339072506,9.801067566903471,17.159612723369705,-9.0572336511464,12.14099733889501,walking
0.2550469196214633,-0.1546133552231385,9.750156913885071,14.743031382057568,-20.215944055770837,6.431949440323482,walking
0.3101256289217207,-1.081423399361464,9.279850062675811,97.29054434126455,-96.58989167906236,56.820694900626314,running
0.0034281487403013664,-0.04486271857429158,9.633847993773104,-0.489186388807516,0.9405785347202951,0.21096037711764237,standing
0.6849386148874765,-1.364585489659124,9.796818999807703,101.64041870765213,-57.89205034543172,51.94051943605874,running
0.23258280577639212,-0.7189406134533591,9.357553408734512,7.485148358024234,-14.868008864484505,10.300820064426265,walking
1.4280149459036566,-1.6588680233082909,9.38101425705539,96.48394425951233,-99.47058138626072,63.764964500195376,running
0.003011510497051322,0.041270817449401496,9.77610519531336,-0.27245954340447487,0.12469184185537763,0.4350338653443771,standing
-0.028314886480138596,0.039583134698146796,9.804808494666139,0.17379085268083552,0.18860593753226043,-0.37713792500967896,standing
-0.045469372739736946,0.029757851271845683,9.854336019237994,-0.8550841963283128,-0.5132576497055301,0.5935151527801901,standing
0.12030640364179251,-0.4906456098654551,9.563811351807217,17.238584629051388,-3.786635233720183,20.439674224021445,walking
0.4218276241814354,-0.5219565808638764,9.544976338227796,13.925394848556323,-5.819346390968911,6.051085743545791,walking
0.3777157209061928,-0.5103716291784894,9.688004070221291,17.7314212400185,-10.3662761769884,14.955598655190315,walking
-0.011288815024326784,-0.09336325962958741,9.975534084244321,0.23573417856799786,0.70467372009279,-0.2868500019692895,standing
0.17014449098679857,-0.3200624096494717,9.440640970777968,15.799281959987002,-16.112099661911003,14.468850299874497,walking
-0.040424680144659386,0.10665166873281334,9.724364925471571,-0.6110639044459727,0.3409457448131557,0.19096772611577667,standing
0.3340832444750975,-0.9744524426563299,9.856592005887288,15.489915767354477,-19.337626328762198,5.358715442106211,walking
-0.03510265469386762,-0.029468237847210577,9.807736830764762,-0.5405316637999487,0.533337344794577,0.3638147718184899,standing
-0.016383107329888413,0.042480104851051234,9.713871579867174,0.3079678034721319,0.5846477952228364,0.025972942903649716,standing
0.04656400595580993,-0.02421170364331257,9.720712716773766,0.02960921700724413,-0.28537314687473814,-0.3358116839690258,standing
0.7841909213470408,-0.9185292599580387,9.435869844667524,104.62968687716969,-77.41051669816203,41.846243716838785,running
0.19075111034950343,-0.21728307475335012,9.579382722805846,4.321628930106522,-13.875981901619685,6.522891443015188,walking
1.2977546059504355,-0.9988343359041274,9.148283705535707,60.49395444619272,-117.2857531691377,46.38689438032709,running
0.3598585160812984,-0.2613788785473712,9.38136727508026,17.565427100486467,-4.3328314935183725,4.966018661199723,walking
0.39493964657599057,-0.10449398378894764,9.453820604299404,15.714715473818533,-8.984062844588284,11.550621703495345,walking
-0.21078422698039095,-0.5996770878376583,9.746279644467364,16.885501969510933,-20.00451989238258,6.084650175966384,walking
0.16445692604957876,-0.9842700966989215,9.617253911872112,18.771456649067872,-9.689136669590287,4.28195655923036,walking
-0.0956640122328899,0.0325695625652899,9.927767682189852,-0.5627445236491883,0.09827738825578732,-0.34459390904478393,standing
-0.09798350619398878,0.009322715738471382,9.661989854178511,0.036658983594201944,-0.4991770203693955,-0.7321874401049101,standing
0.9434189663474776,-0.6308801409338604,9.528847568890042,106.2403658083061,-71.49402117407405,47.77525103221735,running
0.7113813506342805,-1.2697569944305527,9.078329769429136,90.27602446175158,-90.67011848527326,51.31927966771957,running
0.9575353349969995,-1.0549288931662715,8.84484917486287,88.55064494977665,-78.99277920240507,52.24339656778083,running
0.9661872511800226,-1.3101413419380736,9.22304788221528,94.82389817008858,-55.881738453043766,36.63274561124069,running
0.017855628575587323,0.03310653372605234,9.704445955939958,-0.5645258856086146,-0.2654343864601603,-0.1746288521592144,standing
0.013052763608994468,0.015364976043830468,9.78096613219164,-0.6255567881926515,0.07335684321666142,-0.9991003422660538,standing
0.026624260316915782,-0.24678394432306194,9.628437242489811,20.63025125386084,-12.516273800745237,10.773915647655976,walking
0.16618545226801668,-0.7230263631811019,9.508234636364207,20.620563599930065,-20.038305135590292,6.5609254168436575,walking
0.5981452273699904,-0.4295205172597338,9.554523032574858,14.470258228479322,-9.04092933129311,6.5718831967735625,walking
0.6278233610888135,-0.34348400990234007,9.5394527305137,16.80751762603051,1.798300194555388,10.923056476266098,walking
0.6372058541261915,-0.7123107199061998,9.607245125622267,100.39084132675289,-75.30265693411344,47.81346722564964,running
-0.05288554644779502,-0.03258001738029086,9.871754225579597,-0.21344053497371002,-0.3838987825520642,0.3235979698513705,standing
0.86417943921339,-0.44028968259656526,9.389613404552406,85.75291654884349,-78.2578913075154,41.23226218788155,running
0.15289401148204668,-0.6391766124070369,9.726093003975683,9.54516784892401,-4.886259319500299,5.983280675969314,walking
0.22417445180250256,-0.26742374626651744,9.603632918500914,14.357312442805346,-15.473565655445292,8.423577812460938,walking
0.916468751537843,-1.4887877075017737,9.072579145754542,117.27092883836737,-64.66835798341756,37.15415734300031,running
0.7525634256725535,-0.3137527698749142,9.120291903097819,82.74657774230194,-82.05802811464139,55.02744807490814,running
0.0580717962617589,-0.7521525518311636,9.555689788479146,11.646898954616775,-16.096289298607488,9.454527530499872,walking
0.7814485932476943,-0.6994978533845758,9.503537940529567,105.57568276528974,-58.2730163684341,48.5297457656915,running
0.9765404505931756,-0.31122384284076166,9.322938121112093,87.90904199005149,-68.44183985025613,44.18217966607946,running
-0.06039608751600395,-0.4407347500353932,9.701681297929635,21.309607503569957,-3.6926491713599088,10.46802379830679,walking
0.4518310320605294,-0.565376070807972,9.32540506547153,11.731168306755901,-10.846495471406582,2.536177155197863,walking
0.39583121431223867,-0.7111411247334568,9.093871459618082,80.90244917676391,-102.29998604808617,52.327867429401635,running
-0.023031938547989378,-0.02374726555804781,9.836659824609686,-1.3484433214707858,0.14458432195390905,0.3261614392067098,standing
-0.07574236123429323,-0.028845182783120156,9.714391617409113,-0.8304804667579957,0.01344291949726539,-0.48417222743181765,standing
0.6809426276153934,-0.8455720139658086,9.902919168894606,117.4443030257413,-82.91409402019873,46.0377032189824,running
0.6160719494512497,-1.293665758029422,9.731174162440277,98.75316454517832,-99.18260319914097,49.519114926692275,running
0.11586528138412672,-0.5701040908418601,9.508826701935835,6.257340133809096,-12.516108764662482,3.7157852814038046,walking
0.3068166936518452,-0.5057233363499514,9.571928360249318,21.328539204323505,-11.998964675409015,4.404863806707487,walking
0.7985999034865581,0.11163985713365043,9.528764451506621,15.03211134905469,-10.497628201945858,11.915432203127182,walking
0.771821350160613,-0.6329257497490475,9.242368843704938,93.06583547404465,-95.68331145473576,46.23699275075004,running
0.5182620241188538,-0.16067370267086978,9.564160185124546,9.47147665757032,-7.173012577044147,9.390705934153345,walking
-0.057549678871115145,0.003214000954773139,9.70350765394199,-0.49480241012929044,0.7897860728653562,0.019001739084100144,standing
-0.032255987730256216,0.0065370288643045674,9.742418175935533,0.5457534259612309,1.0051022693831748,0.1732519408653579,standing
0.004588038826775115,0.003490104249500946,10.107888080845525,0.4678391965737306,-0.008211448036376037,0.7503798953171554,standing
0.3297334914404223,-0.49320730037364846,9.719991285291307,28.221716735085174,-13.77020355470512,11.561532654079144,walking
0.8167477587003785,-1.0949295680544802,9.618088375026693,97.83213818900904,-67.14177108484606,63.31339061988403,running
-0.0881520077681367,0.020249085548047777,9.694078647811105,0.3481031824067092,-0.2654984775009088,0.6900456770737258,standing
0.23950606270237432,-0.5065401679323823,9.439829561763121,17.338465858827167,-4.254899242524063,8.19909474872384,walking
0.6840638040947363,-1.2609602566167433,9.483123025694951,73.44495257204446,-81.81138954051677,69.20367502144262,running
1.409161748385808,-0.725392029874582,9.414596675887871,115.53771987194409,-98.09441635680551,49.191215021345386,running
-0.07123740931067284,-0.08063579355948258,9.897157095095436,0.6727100230774888,-0.18141928021982953,1.0711351793059318,standing
0.6652019427093873,-0.5620504874028762,9.496136853018921,17.035261435622676,-11.96600077720001,9.041122026331545,walking
0.607455163463254,-0.7325581456444481,9.252374223500548,80.95769016324057,-66.54999140921275,39.226239230152416,running
-0.019605407656607884,0.017850774298252367,9.952312407726966,0.2965506289841919,0.6910794955187636,0.3663200386077896,standing
1.0052984400530507,-0.720361683131427,9.7581392608698,81.24601010480993,-73.9656700413138,44.49884717063461,running
0.08697726738492545,-0.09731005135157378,9.649797049585352,11.061081240458805,-13.142999576700094,11.35576200187845,walking
-0.09874712851429113,-0.35184936410228634,9.6291576452366,9.0318158412176,-15.290582445376284,2.1952972397937645,walking
0.11334640818536076,-0.29681215645918013,9.57361712813515,14.24363358173244,-18.28788929457308,1.170568169628213,walking
0.788267238704048,-1.0111524295770087,9.152783293315327,107.38611097433846,-78.38039272451131,48.884911728570565,running
0.8168842532112711,-0.9452513134700086,9.680251556789846,84.37766915067292,-83.84265255673425,75.11556551584424,running
0.015077367116680625,0.0010501920816379524,9.875539122582577,0.5516509410082607,0.13951076288516961,0.1824805012331127,standing
0.6296138290127758,-0.9589399750284292,9.367514339597856,83.76049608078962,-83.03402220676227,59.040175547613146,running
0.7790461645993179,-1.135428572438311,9.02567436809179,59.25088082133783,-73.42119767744987,38.589914902472614,running
0.013834539966500954,0.10765912287557783,9.88294055811835,0.3109049811085982,-0.22309171660738986,-0.37698229443333814,standing
0.6423416960284687,-0.65085788463385,9.854257656064613,0.29805682667859834,-12.379755118212614,5.806850814037596,walking
0.032384426905034625,0.05415256215876385,9.80052436997182,0.4348029600528301,0.04806038847049168,0.029815184960087063,standing
0.38275981949029964,-0.5678419334678013,9.499778387169151,11.749987095882702,-18.54410199559556,7.275103307127588,walking
0.05285611131094579,-0.0326664616286856,9.706012021367265,-0.027147433258906103,1.2276500699554471,-0.7881960784921247,standing
0.3064008298131533,-0.5655180441297439,9.647876176562876,11.792592023885238,-14.14622210149331,11.560793644499148,walking
0.3941006983923653,-0.7610445614197247,9.068883502967612,80.12627381499227,-115.38711809667066,63.46225756202748,running
0.3087622943958219,0.011241425988064435,9.532901715651187,9.54800461278577,-2.9974440924457326,13.678412018054548,walking
0.3664098922677509,-0.9854626480109012,9.326438447817871,78.71347143970448,-100.3604288632957,52.869558543017085,running
0.8420896230434363,-0.5307376460535795,9.517288648124225,88.66148768667827,-71.29342567921621,64.97431683179626,running
0.023661881228677243,0.017087798788857973,9.754063910045977,0.41696107727445203,0.7516991508835753,-0.4912436967691548,standing
0.04816880646221609,0.03450719958555563,9.920121392216394,0.5746366631428379,-0.04486784714361336,0.5112852160048201,standing
0.4700030236649956,-0.6804387887135114,9.41442164651339,73.24220307439496,-71.85316531745596,49.35815838711181,running
-0.05531674870030141,-0.16206336700345364,9.730027449200742,-0.016376635107999193,0.7737526006650308,0.5743828501860517,standing
0.07267670385786584,0.009167100286917588,9.877086519388698,-0.12375931777575237,-1.2119396633144783,-0.049169813397374945,standing
0.865442882571857,-1.1202521396335487,9.420516681833847,67.20980886784736,-109.8493481151666,58.407344821295496,running
0.02561977141372873,-0.34128841356667416,9.506602595739832,18.279503882648804,-13.59923761627422,8.64007290341115,walking
0.02593319980461839,-1.1545285902572444,9.319370129629716,61.79984949138354,-105.78981913598497,61.464408704007276,running
0.42208566100553846,-0.3944957163874472,9.186115118494033,89.43644032530779,-108.185946800361,68.57702343537733,running
0.07013971554680497,-0.04091103416167363,9.733737624105416,-0.6740927110528565,0.066484837073438,0.3193651110145923,standing
0.03692332899977052,-0.039626036921635036,9.838406544893932,-0.1678923496450641,-0.024731854826216475,0.8419638457289343,standing
0.04577010588510371,-0.007589254751779167,9.735342711575749,-0.12016269907906751,0.29196409266298196,0.5151417270159211,standing
-0.04079051424827192,0.024899914562272488,9.967643731227529,-0.2812333879471338,-0.3405258287374404,0.1405957119846879,standing
0.9046156197137859,-1.0973503661556412,9.60448978807639,116.02404863755213,-79.48570239685434,20.70551309997732,running
0.7421046003182703,-0.45536265997778413,9.727916051268332,15.094248114724238,-14.458180928160237,12.030054759347689,walking
0.3287012733018106,-1.1845044012672603,9.470339877610737,82.06001831327444,-67.40864732098832,60.235306441853446,running
0.13293058934804852,-0.09430631471749368,9.536046360569168,13.944348805861528,-8.822909848953868,16.398887156666063,walking
0.024835707650561634,0.017889368017414167,9.640557234120564,0.37849430832267594,0.46914190298799885,0.6996777182930011,standing
0.4416217353377181,-0.054607229753319,9.46444472089048,8.82825564060039,-19.21927408066771,12.77643761218949,walking
0.2242050063286125,-0.37335729050535305,9.601498629136705,102.6297554317819,-92.7909455773919,44.68545448640785,running
-0.04011386346108095,0.030518513271673244,9.856296923669058,-0.7042306481817798,0.6392259313036494,-0.06979481407758688,standing
0.6355401628152881,-0.4497382252367094,9.456731613097597,9.281368963396691,-10.037920164106165,8.057092271345736,walking
0.055211946647548665,-0.5302713787583658,9.664246064581146,9.86162429537021,-6.394846663377643,8.417423750092851,walking
0.5603482578797596,-0.36471168894455497,9.55361863844252,18.625478934239986,-19.119785762250725,7.078397143176931,walking
0.17887689205262716,-0.5469183153596099,9.53560466632241,11.135611660881954,-1.8819689038518028,6.346139355506896,walking
0.04112724560515946,0.1071972044662663,9.950235705209604,-0.5060521876300837,-0.01734244369339059,-0.241593231149687,standing
0.01926586898644184,-0.02345878260523524,9.748998360114525,0.5265764266664518,-0.14055014644297745,0.2202373689801995,standing
0.9904553981598583,-0.57270587244421,9.19394091665049,102.83333488531068,-99.06888364804598,43.72686554048697,running
0.4635532598400574,-0.43873189185594363,9.58194282540696,26.15650073096316,-12.81396453036147,15.180845423649288,walking
-0.05714851489153116,0.06189081559867309,9.837730049304486,0.014878069747872594,0.2862913906780793,0.6820702149869221,standing
-0.022325747603351057,-0.0449207335674179,9.80715662372194,0.21480910956629293,0.10419140397377624,0.05268775307297995,standing
0.11213292123624913,-0.023082738813078207,9.519605483232892,2.348562386268352,-17.904064076544223,3.6331964954427427,walking
0.016563171570178198,0.022190971407311424,9.744635069465282,0.09904238038392747,-0.2761115221404856,0.27180007729721617,standing
-0.001325693772460844,0.05493884259935951,9.794976189055086,-0.048356555935196194,0.10957516383196948,0.10871643658986144,standing
0.8116316417820588,-0.6376448777602433,9.366005020333418,104.67633168042053,-52.524158982900964,71.24771403016962,running
0.2711824888556769,-0.09135129434556222,9.721208669742172,13.569978890599446,-6.4283915266556395,6.451601190102396,walking
0.3619641420454055,-0.18549853253803958,9.384258303252395,15.38425941479384,-10.613115310209041,5.409832777459363,walking
0.024123620762159265,-0.026287751084038052,10.02706928578044,0.3052928726419116,-0.023855678070989927,-0.7852503018115885,standing
0.07328243844607771,0.11573292833367543,10.0060747924882,-0.39523722772265596,-0.2586442250501861,0.2614177440177498,standing
-0.014950367523293373,-0.030010843857939735,9.831125015454354,0.8761352217118114,0.11189397581944925,-0.21405758048295626,standing
-0.04233968590342025,0.04752119190930251,9.883033581654425,-0.035082855729323514,-0.11048208691483197,0.27502604951227594,standing
0.020639046346824917,-0.020061023594291814,9.759192462697845,-0.3515882125629437,0.7200586077247364,1.2198762031696364,standing
-0.13098725520448723,-0.04907543255239755,9.96449677135013,-0.7037558473589106,-0.016563486436898547,0.49813340972357,standing
0.4913404633589168,-0.4799272371229205,9.64865389225824,12.037678704235528,-23.48090476568619,4.0753378754412735,walking
1.2158133718621889,-0.9906136498469593,8.769824961841234,92.1053980477207,-84.54952781253877,23.968629121727012,running
-0.009618048239056126,0.06527394035771646,9.742322866943168,-0.018817351212424182,-0.04764776619347605,0.07520945257178821,standing
0.7314616426531007,-0.6031643637956794,9.374291943895349,11.866413877050174,-12.901958408812039,9.375151526199542,walking
0.6061501664687394,-0.3718227506177592,9.566480102644222,8.852252027737915,-9.807621305951363,6.824132209343271,walking
0.017322410474848785,0.0737678108474776,9.784432276460793,-0.6758423028081668,0.1760276982571484,-1.0766950568018574,standing
0.5689707288285347,-1.209757171058262,9.854695058362035,75.55901152073082,-82.22934287828375,37.11692382536462,running
0.10952278129049893,-0.06070943063938661,9.619511789933549,-0.09199166817633957,-0.7615934523918874,-0.573172696509344,standing
0.14280210789841008,-0.35506305484962286,9.423144031326029,14.867971215205365,-14.752684247457918,6.14238295076245,walking
0.02367962153175908,-0.03385808557560559,9.678898380023755,-0.8512918021189202,-1.099402978310041,0.22676715075698992,standing
0.24101006434159444,-0.5287036460760286,9.572928012961405,13.657346760470839,-7.852625790341258,6.1198314089619945,walking
0.034209888175739445,-0.6344305551033027,9.467163701189477,78.66312749762456,-99.73455370565972,54.24393937861012,running
1.595577700781023,-1.051724011278581,9.486251328219321,80.81749624267769,-98.56102434604,25.067291796699223,running
0.014653623664934064,-0.0009508103951344415,9.833760266207522,-0.4746994444159715,-0.0410755891962844,0.8210075800681845,standing
0.07896064077536957,0.02575176336043299,9.693237957061742,-0.3868945995517865,0.11106688581685642,0.44759661001386614,standing
-0.0038550854707052103,0.07255718038975209,9.832692737376417,0.3162038695277605,0.42032177449436203,0.052100551975938034,standing
0.08153744706548419,-0.42680343333458354,9.541236277643426,13.459828579071294,-11.556712045192812,5.297167683353553,walking
0.8020153883706671,-0.5013200041393772,9.371832226100754,98.69785927942698,-67.94028186452906,46.433268658201285,running
0.026039404084184425,-0.23685255749214065,9.47304650175137,16.166080656317508,-16.867730998522344,11.162502396651075,walking
-0.09593856076495208,-0.010884060161361016,9.827045682577985,0.1055087336013092,-0.15388911747650041,-0.09534120038167329,standing
0.776615126702295,-1.0894733187495995,9.035860589309937,79.58099446255284,-105.33171254668434,61.94592220513731,running
0.4073019687140807,-0.4340369245049857,9.661472798539277,14.463489279978855,-17.94705946433664,15.982669959135858,walking
1.2612895526115346,-1.0397416707354488,9.416667745491521,46.39517671017538,-78.57524961437144,53.467099776049196,running
0.3224485267973996,-0.7610134409645681,9.183376155192951,58.09158869472757,-88.6402191521805,64.51001438131337,running
0.6310601108274418,-1.077706786695616,9.324516884884737,105.73060689624845,-68.17213215654294,62.795186697601586,running
0.4012553815629312,-0.9100837694111139,9.388126242089221,84.15114440160832,-92.88819513842806,52.29074688205703,running
0.5472186350420875,-0.3110794663559719,9.682010035230206,12.945928560227076,-7.368922988792038,7.673909307593417,walking
1.1392531716257313,-0.9768539257486141,9.615926669413668,67.99822214076485,-89.1971551356551,41.68045082505549,running
0.2867147497737288,-0.8276034195249657,9.321302362408476,79.38561157766961,-89.26576974409764,56.87065795858916,running
0.4930816677807478,-0.9732241421022604,8.7673583800482,101.39568443226253,-122.31712984802618,47.86543220649562,running
0.16530187515122627,-0.3885973750205831,9.644812936254853,4.240922993353475,-13.322574206553053,6.253121055837618,walking
-0.08624589162565165,-0.015763462232017283,9.83323140119796,1.2228759898084132,0.5159222697343174,0.8679819015826247,standing
0.39730032876524035,-0.591887847344696,9.692305122601958,16.196234320555746,-13.314454146041339,14.69796973339015,walking
0.2969380301654009,-0.40427345886968724,9.845994679405708,14.725529996918569,-17.55728978468516,3.8825139672717137,walking
0.5495484145347468,-0.21443197438375258,10.078966135176728,10.544038872923563,-12.969130693864017,9.063512918608193,walking
0.1788570153993323,-0.38766403003040567,9.71400839455344,19.311967361913794,-5.135757626617349,7.8053905937181955,walking
0.009231692926615211,-0.02534715876855649,9.94415686206579,0.013045525105416893,-0.049587931889691454,0.06278822673577113,standing
0.23895505912906645,-0.2738376630890445,9.62857495196686,11.89576200874442,-16.971746873042562,5.530987253812308,walking
0.2945390920980136,-0.38660185655502566,9.925641407624672,14.013307898463369,-16.05428755605169,5.856794147790809,walking
0.4710141687464255,-0.6455477361999996,9.090353550388192,116.32399607470862,-98.17484615769608,45.881766310363425,running
0.31289488296202406,-0.4744413552142106,9.45968419469331,25.370413348749867,-11.887670535939769,7.977615924683814,walking
0.04281993971617362,0.02459595857532529,9.752234255323488,0.10384384358155557,-1.0208674342121453,-0.6670127474591022,standing
0.0002556728321230445,0.040643105941948005,9.712438174661525,0.4620135096034505,0.6032544832541784,0.4581638373512407,standing
0.5942340654987217,-0.30671400351329475,9.488629412145292,14.906456217770513,-16.175714508150115,12.469595263609843,walking
0.020202542840726923,0.0058663691654391,9.751287461623532,0.3030049756728198,0.023218274078074405,-0.5199529635627654,standing
0.012098113578301706,0.04770008817466012,9.646588582926439,0.13998431315991014,0.7234889421768664,1.0376304363126327,standing
0.5122968137511362,-1.0055763953449528,9.059988426180135,109.95862356058561,-93.45921232087365,37.06492374795904,running
0.5520631532800684,-0.9117921862882894,9.492051804157935,88.58311928336995,-65.84551920867719,54.96199187363317,running
0.01947894564006125,-0.4645359677684272,9.648461890967404,7.094046489839333,-8.703771657837976,6.747767877907383,walking
-0.053544624903055615,-0.10619478621549035,9.863278186610628,0.1900989255029816,-0.4834880715646065,0.4591583030011565,standing
0.6476937226291493,-0.8066073979671345,9.231501729542675,75.2655894861798,-56.328713692904145,49.02084753557096,running
-0.02648801018835194,0.014049593386751633,9.968714163507258,0.35547998410174575,0.29532741534615464,-0.12952107291035156,standing
-0.044192871810056655,-0.08565672645454388,9.773012506470664,-0.01977757692832752,0.8988432634247613,-0.009818899463340608,standing
-0.013232841661897804,0.10949014666088362,9.652141375422017,-0.03721671455002314,-0.7919514117428617,-0.49429555357545873,standing
0.30811833824077645,-0.5513590177138922,9.457000708761193,7.079320284972551,-10.933531463135306,9.889625111521509,walking
0.012524642517293828,0.01554537827990023,9.80865897874729,-0.46161662305545215,-0.12061802892816494,-0.4956961747281536,standing
0.5838608050631455,-0.7592197230574421,9.168438035870645,89.15117266650157,-89.95180140949675,65.30195198863352,running
0.2654225756099367,-1.1239735039620717,9.282841488478633,99.12369287527453,-102.92940645398866,63.119837385739466,running
-0.02517378270580996,0.031417275463213996,9.70956833748956,-0.38915236270115633,-0.0328751305364939,0.1643812051517402,standing
0.002910435922299995,-0.005726992262630895,9.75557067399239,0.014159188065230586,-0.2855894948913984,0.11195706703233071,standing
0.2981762006711593,-0.20893895828589787,9.884982290234282,9.366162655450974,-8.808040371958086,7.267213525118448,walking
-0.001791301955497577,0.058158187607747984,9.648480893780146,-0.17134379704017438,-0.6896596140072636,0.03841094553012768,standing
1.073403874221036,-0.8928290870145134,9.01748266523991,98.58585466763513,-79.57508408129475,49.389960281446164,running
0.07823218279070032,0.0005116530509793525,9.936687426744454,-0.18572043299789573,-0.36546501997095954,-0.6414961120942848,standing
1.0064149886288194,-0.784103004656532,9.253275960459504,88.34001947164006,-74.81603064911083,38.88419750486449,running
0.11921847170704203,-0.3210656940354038,9.524283761815767,20.633525684137915,-12.671395810931521,9.278607303675908,walking
0.25813526456962677,-0.4071282964594967,9.401996623316894,13.057407734555571,-1.552306391526134,13.793996919571704,walking
-0.041034115917585524,0.020085586104947074,9.767397646783216,-0.048029949862324936,0.35450187879425615,-0.8226993734784459,standing
0.24194509116226973,-0.15832675388137152,9.498338254421272,22.993235852523583,-17.35928616520078,13.606394371785719,walking
0.29467769013759354,-1.0054242707141199,9.187496785501047,96.75905119293809,-58.58217812698939,55.0024046943657,running
0.5351328592274259,-0.7994825912747647,8.613123789318692,87.21231371710878,-108.4223983366279,39.89401780071087,running
0.2777547877302599,-0.06601909912971876,9.450104665155763,20.162731021708286,-24.194085791382143,0.8856496639739326,walking
-0.0017355884852621657,0.034097648564748194,9.850091718762439,0.05711382433101982,0.3039482548582696,1.2017077926191375,standing
